{
  "majority_baseline": {
    "accuracy": 0.15517241379310345,
    "macro_f1": 0.026865671641791045,
    "balanced_accuracy": 0.1,
    "classification_report": {
      "Creanga": {
        "precision": 0.0,
        "recall": 0.0,
        "f1-score": 0.0,
        "support": 4.0
      },
      "Delavrancea": {
        "precision": 0.0,
        "recall": 0.0,
        "f1-score": 0.0,
        "support": 6.0
      },
      "Eminescu": {
        "precision": 0.0,
        "recall": 0.0,
        "f1-score": 0.0,
        "support": 4.0
      },
      "Filimon": {
        "precision": 0.0,
        "recall": 0.0,
        "f1-score": 0.0,
        "support": 4.0
      },
      "Garleanu": {
        "precision": 0.0,
        "recall": 0.0,
        "f1-score": 0.0,
        "support": 6.0
      },
      "Ispirescu": {
        "precision": 0.0,
        "recall": 0.0,
        "f1-score": 0.0,
        "support": 6.0
      },
      "Oltean": {
        "precision": 0.0,
        "recall": 0.0,
        "f1-score": 0.0,
        "support": 5.0
      },
      "Plugaru": {
        "precision": 0.0,
        "recall": 0.0,
        "f1-score": 0.0,
        "support": 6.0
      },
      "Rebreanu": {
        "precision": 0.15517241379310345,
        "recall": 1.0,
        "f1-score": 0.26865671641791045,
        "support": 9.0
      },
      "Slavici": {
        "precision": 0.0,
        "recall": 0.0,
        "f1-score": 0.0,
        "support": 8.0
      },
      "accuracy": 0.15517241379310345,
      "macro avg": {
        "precision": 0.015517241379310345,
        "recall": 0.1,
        "f1-score": 0.026865671641791045,
        "support": 58.0
      },
      "weighted avg": {
        "precision": 0.024078478002378122,
        "recall": 0.15517241379310345,
        "f1-score": 0.041688111168296446,
        "support": 58.0
      }
    },
    "confusion_matrix": [
      [
        0,
        0,
        0,
        0,
        0,
        0,
        0,
        0,
        4,
        0
      ],
      [
        0,
        0,
        0,
        0,
        0,
        0,
        0,
        0,
        6,
        0
      ],
      [
        0,
        0,
        0,
        0,
        0,
        0,
        0,
        0,
        4,
        0
      ],
      [
        0,
        0,
        0,
        0,
        0,
        0,
        0,
        0,
        4,
        0
      ],
      [
        0,
        0,
        0,
        0,
        0,
        0,
        0,
        0,
        6,
        0
      ],
      [
        0,
        0,
        0,
        0,
        0,
        0,
        0,
        0,
        6,
        0
      ],
      [
        0,
        0,
        0,
        0,
        0,
        0,
        0,
        0,
        5,
        0
      ],
      [
        0,
        0,
        0,
        0,
        0,
        0,
        0,
        0,
        6,
        0
      ],
      [
        0,
        0,
        0,
        0,
        0,
        0,
        0,
        0,
        9,
        0
      ],
      [
        0,
        0,
        0,
        0,
        0,
        0,
        0,
        0,
        8,
        0
      ]
    ],
    "majority_author": "Rebreanu"
  },
  "CHAR_NGRAM_2_5_SVM": {
    "accuracy": 1.0,
    "macro_f1": 1.0,
    "balanced_accuracy": 1.0,
    "classification_report": {
      "Creanga": {
        "precision": 1.0,
        "recall": 1.0,
        "f1-score": 1.0,
        "support": 4.0
      },
      "Delavrancea": {
        "precision": 1.0,
        "recall": 1.0,
        "f1-score": 1.0,
        "support": 6.0
      },
      "Eminescu": {
        "precision": 1.0,
        "recall": 1.0,
        "f1-score": 1.0,
        "support": 4.0
      },
      "Filimon": {
        "precision": 1.0,
        "recall": 1.0,
        "f1-score": 1.0,
        "support": 4.0
      },
      "Garleanu": {
        "precision": 1.0,
        "recall": 1.0,
        "f1-score": 1.0,
        "support": 6.0
      },
      "Ispirescu": {
        "precision": 1.0,
        "recall": 1.0,
        "f1-score": 1.0,
        "support": 6.0
      },
      "Oltean": {
        "precision": 1.0,
        "recall": 1.0,
        "f1-score": 1.0,
        "support": 5.0
      },
      "Plugaru": {
        "precision": 1.0,
        "recall": 1.0,
        "f1-score": 1.0,
        "support": 6.0
      },
      "Rebreanu": {
        "precision": 1.0,
        "recall": 1.0,
        "f1-score": 1.0,
        "support": 9.0
      },
      "Slavici": {
        "precision": 1.0,
        "recall": 1.0,
        "f1-score": 1.0,
        "support": 8.0
      },
      "accuracy": 1.0,
      "macro avg": {
        "precision": 1.0,
        "recall": 1.0,
        "f1-score": 1.0,
        "support": 58.0
      },
      "weighted avg": {
        "precision": 1.0,
        "recall": 1.0,
        "f1-score": 1.0,
        "support": 58.0
      }
    },
    "confusion_matrix": [
      [
        4,
        0,
        0,
        0,
        0,
        0,
        0,
        0,
        0,
        0
      ],
      [
        0,
        6,
        0,
        0,
        0,
        0,
        0,
        0,
        0,
        0
      ],
      [
        0,
        0,
        4,
        0,
        0,
        0,
        0,
        0,
        0,
        0
      ],
      [
        0,
        0,
        0,
        4,
        0,
        0,
        0,
        0,
        0,
        0
      ],
      [
        0,
        0,
        0,
        0,
        6,
        0,
        0,
        0,
        0,
        0
      ],
      [
        0,
        0,
        0,
        0,
        0,
        6,
        0,
        0,
        0,
        0
      ],
      [
        0,
        0,
        0,
        0,
        0,
        0,
        5,
        0,
        0,
        0
      ],
      [
        0,
        0,
        0,
        0,
        0,
        0,
        0,
        6,
        0,
        0
      ],
      [
        0,
        0,
        0,
        0,
        0,
        0,
        0,
        0,
        9,
        0
      ],
      [
        0,
        0,
        0,
        0,
        0,
        0,
        0,
        0,
        0,
        8
      ]
    ]
  },
  "_metadata": {
    "evaluation_unit": "work_group/source_text",
    "test_work_groups": 58,
    "test_documents": 63,
    "prediction_work_groups": 58,
    "selection_method": "grouped_cv_trainval",
    "feature_family": "character 2-5 gram TF-IDF",
    "classifier": "LinearSVC",
    "score_interpretation": "softmax-normalized LinearSVC decision scores are used for source-text aggregation and top-k ranking; they are not calibrated probabilities"
  }
}
